,i/cout,\lam/\lam_max,stage
0,0.0,1.0,1
1,0.015625,0.9342166185379028,1
2,0.03125,0.9108873605728149,1
3,0.046875,0.8904458284378052,1
4,0.0625,0.8687022924423218,1
5,0.078125,0.8410964012145996,1
6,0.09375,0.8206927180290222,1
7,0.109375,0.7832120656967163,1
8,0.125,0.7668034434318542,1
9,0.140625,0.7430395483970642,1
10,0.15625,0.7306864857673645,1
11,0.171875,0.631929337978363,1
12,0.1875,0.6081292033195496,1
13,0.203125,0.6027641296386719,1
14,0.21875,0.5899114608764648,1
15,0.234375,0.558492124080658,1
16,0.25,0.516861081123352,1
17,0.265625,0.5052645802497864,1
18,0.28125,0.49198421835899353,1
19,0.296875,0.4720754027366638,1
20,0.3125,0.4589152932167053,1
21,0.328125,0.4530423879623413,1
22,0.34375,0.43899106979370117,1
23,0.359375,0.43644413352012634,1
24,0.375,0.43092384934425354,1
25,0.390625,0.420306533575058,1
26,0.40625,0.41239798069000244,1
27,0.421875,0.39261865615844727,1
28,0.4375,0.38683924078941345,1
29,0.453125,0.3746030628681183,1
30,0.46875,0.36738938093185425,1
31,0.484375,0.3588799834251404,1
32,0.5,0.3488273322582245,1
33,0.515625,0.3458179235458374,1
34,0.53125,0.33109769225120544,1
35,0.546875,0.3265267014503479,1
36,0.5625,0.3192625939846039,1
37,0.578125,0.31344208121299744,1
38,0.59375,0.30979663133621216,1
39,0.609375,0.3089137375354767,1
40,0.625,0.2943333685398102,1
41,0.640625,0.28484195470809937,1
42,0.65625,0.27856484055519104,1
43,0.671875,0.27234065532684326,1
44,0.6875,0.2573838233947754,1
45,0.703125,0.25666192173957825,1
46,0.71875,0.24246938526630402,1
47,0.734375,0.23762483894824982,1
48,0.75,0.23532935976982117,1
49,0.765625,0.22469975054264069,1
50,0.78125,0.2198898196220398,1
51,0.796875,0.21256403625011444,1
52,0.8125,0.21200579404830933,1
53,0.828125,0.2033601850271225,1
54,0.84375,0.2003890722990036,1
55,0.859375,0.18794679641723633,1
56,0.875,0.18714909255504608,1
57,0.890625,0.18453216552734375,1
58,0.90625,0.18072985112667084,1
59,0.921875,0.17489387094974518,1
60,0.9375,0.163955956697464,1
61,0.953125,0.16221149265766144,1
62,0.96875,0.15704669058322906,1
63,0.984375,1.7158313880827336e-07,1
64,0.0,1.0,2
65,0.0078125,0.8969221711158752,2
66,0.015625,0.8470227122306824,2
67,0.0234375,0.7597870826721191,2
68,0.03125,0.7300182580947876,2
69,0.0390625,0.6864809989929199,2
70,0.046875,0.6761835217475891,2
71,0.0546875,0.6587496399879456,2
72,0.0625,0.6471663117408752,2
73,0.0703125,0.6428489089012146,2
74,0.078125,0.6338710784912109,2
75,0.0859375,0.6269732117652893,2
76,0.09375,0.6081182360649109,2
77,0.1015625,0.6042472720146179,2
78,0.109375,0.5865406394004822,2
79,0.1171875,0.5813148021697998,2
80,0.125,0.576286792755127,2
81,0.1328125,0.5696335434913635,2
82,0.140625,0.5575336217880249,2
83,0.1484375,0.5460888743400574,2
84,0.15625,0.5436794757843018,2
85,0.1640625,0.5373638868331909,2
86,0.171875,0.5211150646209717,2
87,0.1796875,0.5172886252403259,2
88,0.1875,0.51020747423172,2
89,0.1953125,0.5052170753479004,2
90,0.203125,0.501295804977417,2
91,0.2109375,0.48631227016448975,2
92,0.21875,0.48427078127861023,2
93,0.2265625,0.47675493359565735,2
94,0.234375,0.47474655508995056,2
95,0.2421875,0.4643186628818512,2
96,0.25,0.4578544497489929,2
97,0.2578125,0.4550040066242218,2
98,0.265625,0.44792044162750244,2
99,0.2734375,0.44371649622917175,2
100,0.28125,0.4406169056892395,2
101,0.2890625,0.4343682825565338,2
102,0.296875,0.42639392614364624,2
103,0.3046875,0.41824859380722046,2
104,0.3125,0.41563108563423157,2
105,0.3203125,0.409843772649765,2
106,0.328125,0.401751309633255,2
107,0.3359375,0.39685243368148804,2
108,0.34375,0.39198288321495056,2
109,0.3515625,0.38616281747817993,2
110,0.359375,0.38147932291030884,2
111,0.3671875,0.3787917494773865,2
112,0.375,0.37200459837913513,2
113,0.3828125,0.3657885491847992,2
114,0.390625,0.3627072274684906,2
115,0.3984375,0.35790005326271057,2
116,0.40625,0.3549259305000305,2
117,0.4140625,0.3501719534397125,2
118,0.421875,0.3485138714313507,2
119,0.4296875,0.3449889123439789,2
120,0.4375,0.34226441383361816,2
121,0.4453125,0.33844825625419617,2
122,0.453125,0.33319565653800964,2
123,0.4609375,0.3297572731971741,2
124,0.46875,0.32564377784729004,2
125,0.4765625,0.324651300907135,2
126,0.484375,0.31930068135261536,2
127,0.4921875,0.31462639570236206,2
128,0.5,0.3115971088409424,2
129,0.5078125,0.3070864975452423,2
130,0.515625,0.3041786849498749,2
131,0.5234375,0.3019542396068573,2
132,0.53125,0.2987109124660492,2
133,0.5390625,0.2961364686489105,2
134,0.546875,0.29422134160995483,2
135,0.5546875,0.2907610535621643,2
136,0.5625,0.28790777921676636,2
137,0.5703125,0.28333404660224915,2
138,0.578125,0.2819386422634125,2
139,0.5859375,0.2779144048690796,2
140,0.59375,0.27601128816604614,2
141,0.6015625,0.2698453962802887,2
142,0.609375,0.2669311761856079,2
143,0.6171875,0.2650283873081207,2
144,0.625,0.2648312747478485,2
145,0.6328125,0.262927383184433,2
146,0.640625,0.2603379786014557,2
147,0.6484375,0.25553715229034424,2
148,0.65625,0.2549658715724945,2
149,0.6640625,0.2487911432981491,2
150,0.671875,0.247592493891716,2
151,0.6796875,0.2432461678981781,2
152,0.6875,0.2403465360403061,2
153,0.6953125,0.23639839887619019,2
154,0.703125,0.2356102168560028,2
155,0.7109375,0.23274199664592743,2
156,0.71875,0.23124009370803833,2
157,0.7265625,0.22684140503406525,2
158,0.734375,0.22513681650161743,2
159,0.7421875,0.22409793734550476,2
160,0.75,0.22198042273521423,2
161,0.7578125,0.21812963485717773,2
162,0.765625,0.21365322172641754,2
163,0.7734375,0.21354958415031433,2
164,0.78125,0.20980429649353027,2
165,0.7890625,0.2085925042629242,2
166,0.796875,0.20709559321403503,2
167,0.8046875,0.20611372590065002,2
168,0.8125,0.20318663120269775,2
169,0.8203125,0.20039594173431396,2
170,0.828125,0.1991124004125595,2
171,0.8359375,0.19759221374988556,2
172,0.84375,0.19348761439323425,2
173,0.8515625,0.1924390196800232,2
174,0.859375,0.19023410975933075,2
175,0.8671875,0.1882885992527008,2
176,0.875,0.18422792851924896,2
177,0.8828125,0.1823636293411255,2
178,0.890625,0.18065768480300903,2
179,0.8984375,0.1782165765762329,2
180,0.90625,0.17798592150211334,2
181,0.9140625,0.1731943041086197,2
182,0.921875,0.17029577493667603,2
183,0.9296875,0.16866205632686615,2
184,0.9375,0.16587311029434204,2
185,0.9453125,0.1631554663181305,2
186,0.953125,0.1524362415075302,2
187,0.9609375,0.14684276282787323,2
188,0.96875,0.1414540857076645,2
189,0.9765625,0.13098827004432678,2
190,0.984375,0.12755995988845825,2
191,0.9921875,0.11566214263439178,2
192,0.0,1.0,3
193,0.00390625,0.7556830048561096,3
194,0.0078125,0.6376612186431885,3
195,0.01171875,0.6210193037986755,3
196,0.015625,0.5937224626541138,3
197,0.01953125,0.5849123597145081,3
198,0.0234375,0.5481975674629211,3
199,0.02734375,0.5354956984519958,3
200,0.03125,0.52436763048172,3
201,0.03515625,0.510771632194519,3
202,0.0390625,0.49996426701545715,3
203,0.04296875,0.49031102657318115,3
204,0.046875,0.48522627353668213,3
205,0.05078125,0.4763692617416382,3
206,0.0546875,0.4689362347126007,3
207,0.05859375,0.46485188603401184,3
208,0.0625,0.4600418508052826,3
209,0.06640625,0.4545562267303467,3
210,0.0703125,0.44553855061531067,3
211,0.07421875,0.43981000781059265,3
212,0.078125,0.43523699045181274,3
213,0.08203125,0.42621734738349915,3
214,0.0859375,0.41774144768714905,3
215,0.08984375,0.4130392372608185,3
216,0.09375,0.41210857033729553,3
217,0.09765625,0.40920770168304443,3
218,0.1015625,0.4061768352985382,3
219,0.10546875,0.4024393856525421,3
220,0.109375,0.3990072011947632,3
221,0.11328125,0.394546777009964,3
222,0.1171875,0.3882260322570801,3
223,0.12109375,0.38672536611557007,3
224,0.125,0.3778698444366455,3
225,0.12890625,0.37518593668937683,3
226,0.1328125,0.3705098032951355,3
227,0.13671875,0.36559149622917175,3
228,0.140625,0.36386042833328247,3
229,0.14453125,0.3607714772224426,3
230,0.1484375,0.35833969712257385,3
231,0.15234375,0.35574689507484436,3
232,0.15625,0.3548419773578644,3
233,0.16015625,0.34981659054756165,3
234,0.1640625,0.34835633635520935,3
235,0.16796875,0.3459976017475128,3
236,0.171875,0.3419642746448517,3
237,0.17578125,0.33862966299057007,3
238,0.1796875,0.33536583185195923,3
239,0.18359375,0.3330857455730438,3
240,0.1875,0.32877910137176514,3
241,0.19140625,0.32606497406959534,3
242,0.1953125,0.32370859384536743,3
243,0.19921875,0.31905341148376465,3
244,0.203125,0.31739068031311035,3
245,0.20703125,0.31011033058166504,3
246,0.2109375,0.30930301547050476,3
247,0.21484375,0.30831655859947205,3
248,0.21875,0.30427175760269165,3
249,0.22265625,0.3014911115169525,3
250,0.2265625,0.301296591758728,3
251,0.23046875,0.29877132177352905,3
252,0.234375,0.29777979850769043,3
253,0.23828125,0.29391318559646606,3
254,0.2421875,0.29126718640327454,3
255,0.24609375,0.290706992149353,3
256,0.25,0.289674311876297,3
257,0.25390625,0.28660234808921814,3
258,0.2578125,0.28541821241378784,3
259,0.26171875,0.28207987546920776,3
260,0.265625,0.27773404121398926,3
261,0.26953125,0.27622610330581665,3
262,0.2734375,0.2736165523529053,3
263,0.27734375,0.271371454000473,3
264,0.28125,0.27074679732322693,3
265,0.28515625,0.26909124851226807,3
266,0.2890625,0.2663234770298004,3
267,0.29296875,0.265938937664032,3
268,0.296875,0.26423394680023193,3
269,0.30078125,0.25988924503326416,3
270,0.3046875,0.2579289376735687,3
271,0.30859375,0.256994366645813,3
272,0.3125,0.25524425506591797,3
273,0.31640625,0.2538314461708069,3
274,0.3203125,0.2513730823993683,3
275,0.32421875,0.2496943324804306,3
276,0.328125,0.24796095490455627,3
277,0.33203125,0.24541307985782623,3
278,0.3359375,0.24424074590206146,3
279,0.33984375,0.24332326650619507,3
280,0.34375,0.24259233474731445,3
281,0.34765625,0.24142438173294067,3
282,0.3515625,0.24016664922237396,3
283,0.35546875,0.23808863759040833,3
284,0.359375,0.2359020859003067,3
285,0.36328125,0.23491524159908295,3
286,0.3671875,0.23361724615097046,3
287,0.37109375,0.23146216571331024,3
288,0.375,0.230655238032341,3
289,0.37890625,0.22849908471107483,3
290,0.3828125,0.22780606150627136,3
291,0.38671875,0.22583074867725372,3
292,0.390625,0.2243548482656479,3
293,0.39453125,0.2224525660276413,3
294,0.3984375,0.2218775600194931,3
295,0.40234375,0.2202940583229065,3
296,0.40625,0.21867142617702484,3
297,0.41015625,0.2178228199481964,3
298,0.4140625,0.216430202126503,3
299,0.41796875,0.21427857875823975,3
300,0.421875,0.21336093544960022,3
301,0.42578125,0.21251218020915985,3
302,0.4296875,0.21125301718711853,3
303,0.43359375,0.2076600193977356,3
304,0.4375,0.20728039741516113,3
305,0.44140625,0.20686380565166473,3
306,0.4453125,0.20538035035133362,3
307,0.44921875,0.2039976865053177,3
308,0.453125,0.2033643275499344,3
309,0.45703125,0.20093216001987457,3
310,0.4609375,0.2001625895500183,3
311,0.46484375,0.199490025639534,3
312,0.46875,0.1980878859758377,3
313,0.47265625,0.19652622938156128,3
314,0.4765625,0.19603997468948364,3
315,0.48046875,0.19542144238948822,3
316,0.484375,0.19381511211395264,3
317,0.48828125,0.19313548505306244,3
318,0.4921875,0.1916976422071457,3
319,0.49609375,0.19036903977394104,3
320,0.5,0.18979506194591522,3
321,0.50390625,0.18841397762298584,3
322,0.5078125,0.18809999525547028,3
323,0.51171875,0.18564966320991516,3
324,0.515625,0.18491093814373016,3
325,0.51953125,0.18350912630558014,3
326,0.5234375,0.18199288845062256,3
327,0.52734375,0.18127742409706116,3
328,0.53125,0.1801893711090088,3
329,0.53515625,0.17908164858818054,3
330,0.5390625,0.17822907865047455,3
331,0.54296875,0.17725367844104767,3
332,0.546875,0.175720676779747,3
333,0.55078125,0.17455728352069855,3
334,0.5546875,0.17436324059963226,3
335,0.55859375,0.17325805127620697,3
336,0.5625,0.17188139259815216,3
337,0.56640625,0.1710944026708603,3
338,0.5703125,0.17094449698925018,3
339,0.57421875,0.17014436423778534,3
340,0.578125,0.16897979378700256,3
341,0.58203125,0.16851650178432465,3
342,0.5859375,0.167348250746727,3
343,0.58984375,0.16592702269554138,3
344,0.59375,0.16567769646644592,3
345,0.59765625,0.16391503810882568,3
346,0.6015625,0.1630711853504181,3
347,0.60546875,0.16194722056388855,3
348,0.609375,0.16131237149238586,3
349,0.61328125,0.16076655685901642,3
350,0.6171875,0.15923377871513367,3
351,0.62109375,0.15851867198944092,3
352,0.625,0.15809586644172668,3
353,0.62890625,0.15625305473804474,3
354,0.6328125,0.1551963984966278,3
355,0.63671875,0.1546633541584015,3
356,0.640625,0.15294334292411804,3
357,0.64453125,0.1520167887210846,3
358,0.6484375,0.1516503095626831,3
359,0.65234375,0.1506246030330658,3
360,0.65625,0.15000858902931213,3
361,0.66015625,0.14889514446258545,3
362,0.6640625,0.14859448373317719,3
363,0.66796875,0.14847369492053986,3
364,0.671875,0.14723195135593414,3
365,0.67578125,0.14688175916671753,3
366,0.6796875,0.14534848928451538,3
367,0.68359375,0.1443822830915451,3
368,0.6875,0.1439291089773178,3
369,0.69140625,0.14320291578769684,3
370,0.6953125,0.14194749295711517,3
371,0.69921875,0.14148829877376556,3
372,0.703125,0.1407274603843689,3
373,0.70703125,0.13962912559509277,3
374,0.7109375,0.1393682360649109,3
375,0.71484375,0.13913288712501526,3
376,0.71875,0.13757199048995972,3
377,0.72265625,0.13714434206485748,3
378,0.7265625,0.1363988071680069,3
379,0.73046875,0.1350569874048233,3
380,0.734375,0.13486897945404053,3
381,0.73828125,0.13384228944778442,3
382,0.7421875,0.13341617584228516,3
383,0.74609375,0.13252384960651398,3
384,0.75,0.13176310062408447,3
385,0.75390625,0.1308489292860031,3
386,0.7578125,0.13039971888065338,3
387,0.76171875,0.13001900911331177,3
388,0.765625,0.12841910123825073,3
389,0.76953125,0.12796570360660553,3
390,0.7734375,0.12736743688583374,3
391,0.77734375,0.12682969868183136,3
392,0.78125,0.12581390142440796,3
393,0.78515625,0.1251918226480484,3
394,0.7890625,0.12462928891181946,3
395,0.79296875,0.12453386187553406,3
396,0.796875,0.12305551022291183,3
397,0.80078125,0.12230734527111053,3
398,0.8046875,0.12172781676054001,3
399,0.80859375,0.12142984569072723,3
400,0.8125,0.12002868950366974,3
401,0.81640625,0.1195320412516594,3
402,0.8203125,0.11931587010622025,3
403,0.82421875,0.11849094182252884,3
404,0.828125,0.11715736985206604,3
405,0.83203125,0.11609864979982376,3
406,0.8359375,0.11546696722507477,3
407,0.83984375,0.11496226489543915,3
408,0.84375,0.11448942869901657,3
409,0.84765625,0.11395921558141708,3
410,0.8515625,0.11368832737207413,3
411,0.85546875,0.11248359084129333,3
412,0.859375,0.11226438730955124,3
413,0.86328125,0.11100589483976364,3
414,0.8671875,0.11018820106983185,3
415,0.87109375,0.10987409204244614,3
416,0.875,0.1088218167424202,3
417,0.87890625,0.10799575597047806,3
418,0.8828125,0.10725042223930359,3
419,0.88671875,0.10688929259777069,3
420,0.890625,0.10650928318500519,3
421,0.89453125,0.10546275973320007,3
422,0.8984375,0.10516708344221115,3
423,0.90234375,0.10441575944423676,3
424,0.90625,0.10315722972154617,3
425,0.91015625,0.10254605859518051,3
426,0.9140625,0.1017816886305809,3
427,0.91796875,0.10157109051942825,3
428,0.921875,0.1009216457605362,3
429,0.92578125,0.10014089941978455,3
430,0.9296875,0.09987177699804306,3
431,0.93359375,0.09883040189743042,3
432,0.9375,0.09790262579917908,3
433,0.94140625,0.09747763723134995,3
434,0.9453125,0.09612603485584259,3
435,0.94921875,0.09607034176588058,3
436,0.953125,0.0953093022108078,3
437,0.95703125,0.09377293288707733,3
438,0.9609375,0.09329912066459656,3
439,0.96484375,0.09299509227275848,3
440,0.96875,0.09229540824890137,3
441,0.97265625,0.09133955091238022,3
442,0.9765625,0.0905660092830658,3
443,0.98046875,0.08965466916561127,3
444,0.984375,0.08856614679098129,3
445,0.98828125,0.0883815661072731,3
446,0.9921875,0.08626950532197952,3
447,0.99609375,0.08362247049808502,3
448,0.0,1.0,4
449,0.001953125,0.5193759799003601,4
450,0.00390625,0.4848982095718384,4
451,0.005859375,0.47900837659835815,4
452,0.0078125,0.47623902559280396,4
453,0.009765625,0.47570744156837463,4
454,0.01171875,0.47185081243515015,4
455,0.013671875,0.4697863459587097,4
456,0.015625,0.46668723225593567,4
457,0.017578125,0.46479353308677673,4
458,0.01953125,0.4630356431007385,4
459,0.021484375,0.4604881703853607,4
460,0.0234375,0.4592745900154114,4
461,0.025390625,0.45868703722953796,4
462,0.02734375,0.45611560344696045,4
463,0.029296875,0.453217089176178,4
464,0.03125,0.45240533351898193,4
465,0.033203125,0.45006686449050903,4
466,0.03515625,0.44830748438835144,4
467,0.037109375,0.4463048577308655,4
468,0.0390625,0.44521936774253845,4
469,0.041015625,0.44276416301727295,4
470,0.04296875,0.441327840089798,4
471,0.044921875,0.4401550889015198,4
472,0.046875,0.43920454382896423,4
473,0.048828125,0.4390714764595032,4
474,0.05078125,0.4370803236961365,4
475,0.052734375,0.4352650046348572,4
476,0.0546875,0.43386054039001465,4
477,0.056640625,0.4326930642127991,4
478,0.05859375,0.43062472343444824,4
479,0.060546875,0.429838627576828,4
480,0.0625,0.4281526207923889,4
481,0.064453125,0.4279947578907013,4
482,0.06640625,0.42489707469940186,4
483,0.068359375,0.4232114851474762,4
484,0.0703125,0.4218088388442993,4
485,0.072265625,0.4216634929180145,4
486,0.07421875,0.4204713702201843,4
487,0.076171875,0.41909244656562805,4
488,0.078125,0.41809749603271484,4
489,0.080078125,0.41635194420814514,4
490,0.08203125,0.4156075119972229,4
491,0.083984375,0.41453036665916443,4
492,0.0859375,0.41302311420440674,4
493,0.087890625,0.4125814735889435,4
494,0.08984375,0.41214659810066223,4
495,0.091796875,0.4118673503398895,4
496,0.09375,0.4097677171230316,4
497,0.095703125,0.40795183181762695,4
498,0.09765625,0.4070601463317871,4
499,0.099609375,0.4061352014541626,4
500,0.1015625,0.4053189754486084,4
501,0.103515625,0.4042156934738159,4
502,0.10546875,0.40268728137016296,4
503,0.107421875,0.4021625220775604,4
504,0.109375,0.40119460225105286,4
505,0.111328125,0.40016311407089233,4
506,0.11328125,0.39907893538475037,4
507,0.115234375,0.39828136563301086,4
508,0.1171875,0.3972518742084503,4
509,0.119140625,0.3951324224472046,4
510,0.12109375,0.39478906989097595,4
511,0.123046875,0.3940199911594391,4
512,0.125,0.3932196795940399,4
513,0.126953125,0.3919025659561157,4
514,0.12890625,0.39122089743614197,4
515,0.130859375,0.39086270332336426,4
516,0.1328125,0.39005643129348755,4
517,0.134765625,0.38922908902168274,4
518,0.13671875,0.38734981417655945,4
519,0.138671875,0.38705211877822876,4
520,0.140625,0.38593924045562744,4
521,0.142578125,0.3849044442176819,4
522,0.14453125,0.3840414881706238,4
523,0.146484375,0.38315513730049133,4
524,0.1484375,0.3818894326686859,4
525,0.150390625,0.3802454471588135,4
526,0.15234375,0.3797498643398285,4
527,0.154296875,0.378670871257782,4
528,0.15625,0.378320574760437,4
529,0.158203125,0.37702804803848267,4
530,0.16015625,0.3766174018383026,4
531,0.162109375,0.3756598234176636,4
532,0.1640625,0.3747274577617645,4
533,0.166015625,0.3739510774612427,4
534,0.16796875,0.3727792203426361,4
535,0.169921875,0.37068113684654236,4
536,0.171875,0.3699781596660614,4
537,0.173828125,0.3688364028930664,4
538,0.17578125,0.36759331822395325,4
539,0.177734375,0.36615392565727234,4
540,0.1796875,0.3659355640411377,4
541,0.181640625,0.3657238185405731,4
542,0.18359375,0.36348363757133484,4
543,0.185546875,0.3634149134159088,4
544,0.1875,0.36306875944137573,4
545,0.189453125,0.3615114390850067,4
546,0.19140625,0.36055445671081543,4
547,0.193359375,0.3598354160785675,4
548,0.1953125,0.35931694507598877,4
549,0.197265625,0.3576253652572632,4
550,0.19921875,0.3571334481239319,4
551,0.201171875,0.3564722537994385,4
552,0.203125,0.3540079593658447,4
553,0.205078125,0.3531709611415863,4
554,0.20703125,0.35216668248176575,4
555,0.208984375,0.35197022557258606,4
556,0.2109375,0.3507949113845825,4
557,0.212890625,0.3500816822052002,4
558,0.21484375,0.34978756308555603,4
559,0.216796875,0.3486146032810211,4
560,0.21875,0.3466225862503052,4
561,0.220703125,0.3462325632572174,4
562,0.22265625,0.34533125162124634,4
563,0.224609375,0.34478887915611267,4
564,0.2265625,0.3428581655025482,4
565,0.228515625,0.34275999665260315,4
566,0.23046875,0.3416837751865387,4
567,0.232421875,0.34123578667640686,4
568,0.234375,0.3405589461326599,4
569,0.236328125,0.33951738476753235,4
570,0.23828125,0.3378845155239105,4
571,0.240234375,0.3370298445224762,4
572,0.2421875,0.3368271291255951,4
573,0.244140625,0.33493125438690186,4
574,0.24609375,0.3341864049434662,4
575,0.248046875,0.33355411887168884,4
576,0.25,0.33224284648895264,4
577,0.251953125,0.3310847282409668,4
578,0.25390625,0.3308883309364319,4
579,0.255859375,0.32989180088043213,4
580,0.2578125,0.32829248905181885,4
581,0.259765625,0.327708899974823,4
582,0.26171875,0.326420396566391,4
583,0.263671875,0.32482147216796875,4
584,0.265625,0.32470065355300903,4
585,0.267578125,0.32408320903778076,4
586,0.26953125,0.32314127683639526,4
587,0.271484375,0.32245299220085144,4
588,0.2734375,0.32055243849754333,4
589,0.275390625,0.31939196586608887,4
590,0.27734375,0.3186950087547302,4
591,0.279296875,0.3184404969215393,4
592,0.28125,0.3159378170967102,4
593,0.283203125,0.31533706188201904,4
594,0.28515625,0.31489717960357666,4
595,0.287109375,0.31410375237464905,4
596,0.2890625,0.3126547336578369,4
597,0.291015625,0.3117174208164215,4
598,0.29296875,0.31117013096809387,4
599,0.294921875,0.3093061149120331,4
600,0.296875,0.3084934651851654,4
601,0.298828125,0.3078899383544922,4
602,0.30078125,0.3067823648452759,4
603,0.302734375,0.30600494146347046,4
604,0.3046875,0.305880606174469,4
605,0.306640625,0.30404359102249146,4
606,0.30859375,0.3032081425189972,4
607,0.310546875,0.30215662717819214,4
608,0.3125,0.301718145608902,4
609,0.314453125,0.30033615231513977,4
610,0.31640625,0.29971304535865784,4
611,0.318359375,0.2991057336330414,4
612,0.3203125,0.29840511083602905,4
613,0.322265625,0.2981737554073334,4
614,0.32421875,0.2971401810646057,4
615,0.326171875,0.2955840229988098,4
616,0.328125,0.2937389314174652,4
617,0.330078125,0.2932562828063965,4
618,0.33203125,0.2920706272125244,4
619,0.333984375,0.291430801153183,4
620,0.3359375,0.29093700647354126,4
621,0.337890625,0.2899172902107239,4
622,0.33984375,0.28838014602661133,4
623,0.341796875,0.2876017987728119,4
624,0.34375,0.2874205410480499,4
625,0.345703125,0.2857142984867096,4
626,0.34765625,0.2842361629009247,4
627,0.349609375,0.28347256779670715,4
628,0.3515625,0.28202691674232483,4
629,0.353515625,0.28193414211273193,4
630,0.35546875,0.28159719705581665,4
631,0.357421875,0.27854612469673157,4
632,0.359375,0.27803853154182434,4
633,0.361328125,0.2768523097038269,4
634,0.36328125,0.2762807011604309,4
635,0.365234375,0.2746022939682007,4
636,0.3671875,0.2738484740257263,4
637,0.369140625,0.2717362642288208,4
638,0.37109375,0.2704930901527405,4
639,0.373046875,0.2698920965194702,4
640,0.375,0.2686781883239746,4
641,0.376953125,0.26828476786613464,4
642,0.37890625,0.26659515500068665,4
643,0.380859375,0.26563578844070435,4
644,0.3828125,0.2645825743675232,4
645,0.384765625,0.26315924525260925,4
646,0.38671875,0.2628682851791382,4
647,0.388671875,0.2609099745750427,4
648,0.390625,0.2586437463760376,4
649,0.392578125,0.25765469670295715,4
650,0.39453125,0.2573521137237549,4
651,0.396484375,0.2571461498737335,4
652,0.3984375,0.255703330039978,4
653,0.400390625,0.2537345588207245,4
654,0.40234375,0.25349223613739014,4
655,0.404296875,0.2519407570362091,4
656,0.40625,0.25140294432640076,4
657,0.408203125,0.2503563165664673,4
658,0.41015625,0.24865174293518066,4
659,0.412109375,0.24817727506160736,4
660,0.4140625,0.2465190589427948,4
661,0.416015625,0.24568814039230347,4
662,0.41796875,0.2447035163640976,4
663,0.419921875,0.24260565638542175,4
664,0.421875,0.24231545627117157,4
665,0.423828125,0.2403581291437149,4
666,0.42578125,0.23972202837467194,4
667,0.427734375,0.2384236603975296,4
668,0.4296875,0.23764294385910034,4
669,0.431640625,0.2365236133337021,4
670,0.43359375,0.23488354682922363,4
671,0.435546875,0.2334979772567749,4
672,0.4375,0.23326951265335083,4
673,0.439453125,0.2321481704711914,4
674,0.44140625,0.23083864152431488,4
675,0.443359375,0.22990299761295319,4
676,0.4453125,0.22924034297466278,4
677,0.447265625,0.2286413609981537,4
678,0.44921875,0.2270515263080597,4
679,0.451171875,0.22544333338737488,4
680,0.453125,0.2248803973197937,4
681,0.455078125,0.22271423041820526,4
682,0.45703125,0.221869096159935,4
683,0.458984375,0.22162775695323944,4
684,0.4609375,0.22103694081306458,4
685,0.462890625,0.21996021270751953,4
686,0.46484375,0.2185627520084381,4
687,0.466796875,0.21777302026748657,4
688,0.46875,0.2161954641342163,4
689,0.470703125,0.21507005393505096,4
690,0.47265625,0.21441411972045898,4
691,0.474609375,0.21334294974803925,4
692,0.4765625,0.21270158886909485,4
693,0.478515625,0.21150557696819305,4
694,0.48046875,0.21053080260753632,4
695,0.482421875,0.20999915897846222,4
696,0.484375,0.20922479033470154,4
697,0.486328125,0.20831115543842316,4
698,0.48828125,0.20732611417770386,4
699,0.490234375,0.2065020352602005,4
700,0.4921875,0.2059171199798584,4
701,0.494140625,0.20521019399166107,4
702,0.49609375,0.20432092249393463,4
703,0.498046875,0.2029048651456833,4
704,0.5,0.20162031054496765,4
705,0.501953125,0.19986842572689056,4
706,0.50390625,0.19938020408153534,4
707,0.505859375,0.19872592389583588,4
708,0.5078125,0.19765548408031464,4
709,0.509765625,0.19659116864204407,4
710,0.51171875,0.19624027609825134,4
711,0.513671875,0.1959182173013687,4
712,0.515625,0.19520340859889984,4
713,0.517578125,0.19417336583137512,4
714,0.51953125,0.1935987025499344,4
715,0.521484375,0.1925826519727707,4
716,0.5234375,0.19208741188049316,4
717,0.525390625,0.19158382713794708,4
718,0.52734375,0.1896866261959076,4
719,0.529296875,0.18936724960803986,4
720,0.53125,0.18817605078220367,4
721,0.533203125,0.18741409480571747,4
722,0.53515625,0.1869889348745346,4
723,0.537109375,0.18569129705429077,4
724,0.5390625,0.1853928565979004,4
725,0.541015625,0.1851688176393509,4
726,0.54296875,0.18292073905467987,4
727,0.544921875,0.1827796846628189,4
728,0.546875,0.1822291612625122,4
729,0.548828125,0.18108277022838593,4
730,0.55078125,0.1805141568183899,4
731,0.552734375,0.1797913759946823,4
732,0.5546875,0.17894543707370758,4
733,0.556640625,0.17889344692230225,4
734,0.55859375,0.17820937931537628,4
735,0.560546875,0.17723235487937927,4
736,0.5625,0.17663240432739258,4
737,0.564453125,0.17566561698913574,4
738,0.56640625,0.17466449737548828,4
739,0.568359375,0.17414449155330658,4
740,0.5703125,0.17393259704113007,4
741,0.572265625,0.17299114167690277,4
742,0.57421875,0.1718456745147705,4
743,0.576171875,0.17133298516273499,4
744,0.578125,0.17023037374019623,4
745,0.580078125,0.16976696252822876,4
746,0.58203125,0.16888414323329926,4
747,0.583984375,0.16829681396484375,4
748,0.5859375,0.16755564510822296,4
749,0.587890625,0.16697074472904205,4
750,0.58984375,0.16620109975337982,4
751,0.591796875,0.16593390703201294,4
752,0.59375,0.16491298377513885,4
753,0.595703125,0.1646013855934143,4
754,0.59765625,0.1631583720445633,4
755,0.599609375,0.162920743227005,4
756,0.6015625,0.16148191690444946,4
757,0.603515625,0.1610361933708191,4
758,0.60546875,0.16013500094413757,4
759,0.607421875,0.15963831543922424,4
760,0.609375,0.15839947760105133,4
761,0.611328125,0.15821947157382965,4
762,0.61328125,0.15756197273731232,4
763,0.615234375,0.15728196501731873,4
764,0.6171875,0.15678803622722626,4
765,0.619140625,0.1565995216369629,4
766,0.62109375,0.15470445156097412,4
767,0.623046875,0.15436530113220215,4
768,0.625,0.15417391061782837,4
769,0.626953125,0.15352049469947815,4
770,0.62890625,0.15325959026813507,4
771,0.630859375,0.15255028009414673,4
772,0.6328125,0.15207338333129883,4
773,0.634765625,0.15182118117809296,4
774,0.63671875,0.15119969844818115,4
775,0.638671875,0.15034402906894684,4
776,0.640625,0.15022148191928864,4
777,0.642578125,0.14950475096702576,4
778,0.64453125,0.14852799475193024,4
779,0.646484375,0.14850088953971863,4
780,0.6484375,0.14749473333358765,4
781,0.650390625,0.14727863669395447,4
782,0.65234375,0.14633025228977203,4
783,0.654296875,0.145731583237648,4
784,0.65625,0.14516595005989075,4
785,0.658203125,0.14413030445575714,4
786,0.66015625,0.14372067153453827,4
787,0.662109375,0.1430208683013916,4
788,0.6640625,0.14198392629623413,4
789,0.666015625,0.14108960330486298,4
790,0.66796875,0.14106076955795288,4
791,0.669921875,0.14053785800933838,4
792,0.671875,0.13990658521652222,4
793,0.673828125,0.13950221240520477,4
794,0.67578125,0.1388818919658661,4
795,0.677734375,0.13853706419467926,4
796,0.6796875,0.1377614587545395,4
797,0.681640625,0.13739919662475586,4
798,0.68359375,0.13693495094776154,4
799,0.685546875,0.13650165498256683,4
800,0.6875,0.1362951099872589,4
801,0.689453125,0.1359458863735199,4
802,0.69140625,0.13525642454624176,4
803,0.693359375,0.13432855904102325,4
804,0.6953125,0.1338832974433899,4
805,0.697265625,0.13291768729686737,4
806,0.69921875,0.13218016922473907,4
807,0.701171875,0.1318976879119873,4
808,0.703125,0.13147006928920746,4
809,0.705078125,0.13115060329437256,4
810,0.70703125,0.1310344785451889,4
811,0.708984375,0.13066866993904114,4
812,0.7109375,0.12984588742256165,4
813,0.712890625,0.1291528195142746,4
814,0.71484375,0.12894141674041748,4
815,0.716796875,0.12852640450000763,4
816,0.71875,0.1284371167421341,4
817,0.720703125,0.1275508999824524,4
818,0.72265625,0.12716451287269592,4
819,0.724609375,0.12670691311359406,4
820,0.7265625,0.12566956877708435,4
821,0.728515625,0.1254819631576538,4
822,0.73046875,0.12524335086345673,4
823,0.732421875,0.1245810016989708,4
824,0.734375,0.12386098504066467,4
825,0.736328125,0.12346707284450531,4
826,0.73828125,0.12299494445323944,4
827,0.740234375,0.1221691370010376,4
828,0.7421875,0.12185797840356827,4
829,0.744140625,0.1214541494846344,4
830,0.74609375,0.12100208550691605,4
831,0.748046875,0.12028562277555466,4
832,0.75,0.11960220336914062,4
833,0.751953125,0.11955240368843079,4
834,0.75390625,0.11916134506464005,4
835,0.755859375,0.11884020268917084,4
836,0.7578125,0.11863205581903458,4
837,0.759765625,0.11824420094490051,4
838,0.76171875,0.11746003478765488,4
839,0.763671875,0.1168898195028305,4
840,0.765625,0.11649101972579956,4
841,0.767578125,0.1159152239561081,4
842,0.76953125,0.1157618835568428,4
843,0.771484375,0.1154777780175209,4
844,0.7734375,0.11497938632965088,4
845,0.775390625,0.11439172178506851,4
846,0.77734375,0.11399485170841217,4
847,0.779296875,0.1138049066066742,4
848,0.78125,0.11314267665147781,4
849,0.783203125,0.11252835392951965,4
850,0.78515625,0.11180856823921204,4
851,0.787109375,0.11156519502401352,4
852,0.7890625,0.11141707003116608,4
853,0.791015625,0.11105391383171082,4
854,0.79296875,0.11087404191493988,4
855,0.794921875,0.11025088280439377,4
856,0.796875,0.10954800248146057,4
857,0.798828125,0.1092955619096756,4
858,0.80078125,0.10841812938451767,4
859,0.802734375,0.10818354785442352,4
860,0.8046875,0.1078689768910408,4
861,0.806640625,0.10757921636104584,4
862,0.80859375,0.10716843605041504,4
863,0.810546875,0.1066020056605339,4
864,0.8125,0.10611318051815033,4
865,0.814453125,0.1057853028178215,4
866,0.81640625,0.1048734039068222,4
867,0.818359375,0.10475228726863861,4
868,0.8203125,0.10437210649251938,4
869,0.822265625,0.10396025329828262,4
870,0.82421875,0.10367221385240555,4
871,0.826171875,0.1035391241312027,4
872,0.828125,0.10308780521154404,4
873,0.830078125,0.10223658382892609,4
874,0.83203125,0.1022234782576561,4
875,0.833984375,0.10187224298715591,4
876,0.8359375,0.10112129896879196,4
877,0.837890625,0.10104872286319733,4
878,0.83984375,0.10055702179670334,4
879,0.841796875,0.10024683177471161,4
880,0.84375,0.09981998056173325,4
881,0.845703125,0.09958542883396149,4
882,0.84765625,0.0989789366722107,4
883,0.849609375,0.09843611717224121,4
884,0.8515625,0.0983646959066391,4
885,0.853515625,0.09785691648721695,4
886,0.85546875,0.09775187075138092,4
887,0.857421875,0.09718737006187439,4
888,0.859375,0.09695181250572205,4
889,0.861328125,0.09649061411619186,4
890,0.86328125,0.09599802643060684,4
891,0.865234375,0.0957765132188797,4
892,0.8671875,0.09529837220907211,4
893,0.869140625,0.09483751654624939,4
894,0.87109375,0.0946156308054924,4
895,0.873046875,0.09442088007926941,4
896,0.875,0.09398741275072098,4
897,0.876953125,0.09386160224676132,4
898,0.87890625,0.09328792989253998,4
899,0.880859375,0.0924142599105835,4
900,0.8828125,0.09213850647211075,4
901,0.884765625,0.09156936407089233,4
902,0.88671875,0.09143891930580139,4
903,0.888671875,0.09083355963230133,4
904,0.890625,0.09072865545749664,4
905,0.892578125,0.0904243215918541,4
906,0.89453125,0.09002987295389175,4
907,0.896484375,0.08977154642343521,4
908,0.8984375,0.0895148366689682,4
909,0.900390625,0.08881019800901413,4
910,0.90234375,0.08860941976308823,4
911,0.904296875,0.08817968517541885,4
912,0.90625,0.0879645049571991,4
913,0.908203125,0.0878414511680603,4
914,0.91015625,0.08677828311920166,4
915,0.912109375,0.08664184808731079,4
916,0.9140625,0.08615197986364365,4
917,0.916015625,0.08598153293132782,4
918,0.91796875,0.08557906001806259,4
919,0.919921875,0.08511653542518616,4
920,0.921875,0.08451592177152634,4
921,0.923828125,0.08407431840896606,4
922,0.92578125,0.08383774012327194,4
923,0.927734375,0.08338071405887604,4
924,0.9296875,0.08329980820417404,4
925,0.931640625,0.08285798877477646,4
926,0.93359375,0.08239758014678955,4
927,0.935546875,0.08210093528032303,4
928,0.9375,0.08159693330526352,4
929,0.939453125,0.08129283040761948,4
930,0.94140625,0.0811220034956932,4
931,0.943359375,0.08071315288543701,4
932,0.9453125,0.08031684160232544,4
933,0.947265625,0.0797177329659462,4
934,0.94921875,0.07945787906646729,4
935,0.951171875,0.07898213714361191,4
936,0.953125,0.07875599712133408,4
937,0.955078125,0.0784878358244896,4
938,0.95703125,0.07813581824302673,4
939,0.958984375,0.07785025984048843,4
940,0.9609375,0.07722841948270798,4
941,0.962890625,0.07715483754873276,4
942,0.96484375,0.07661224901676178,4
943,0.966796875,0.07604116946458817,4
944,0.96875,0.07584360241889954,4
945,0.970703125,0.07561242580413818,4
946,0.97265625,0.07494193315505981,4
947,0.974609375,0.07471942901611328,4
948,0.9765625,0.0737484022974968,4
949,0.978515625,0.07341500371694565,4
950,0.98046875,0.07290435582399368,4
951,0.982421875,0.07259476184844971,4
952,0.984375,0.0721302404999733,4
953,0.986328125,0.07148778438568115,4
954,0.98828125,0.07105056941509247,4
955,0.990234375,0.0706469789147377,4
956,0.9921875,0.0698908120393753,4
957,0.994140625,0.06920493394136429,4
958,0.99609375,0.06821533292531967,4
959,0.998046875,0.06739760935306549,4
